,model_type,seq_len,hidden_size,num_layers,dropout,lr,batch_size,val_mae,val_rmse
0,RNN,30,128,2,0.2,0.001,32,413.5728484122984,504.9921161851343
1,RNN,30,256,2,0.2,0.0003,32,445.914542905746,547.4383390495414
2,RNN,30,128,1,0.2,0.001,32,448.7309097782258,567.7103277769023
3,RNN,30,256,2,0.1,0.0003,32,461.6453030493952,552.3712270619523
4,RNN,30,64,2,0.2,0.001,32,468.5395901587702,554.5402003651717
5,RNN,30,64,2,0.0,0.001,32,472.3931609122984,581.4618929175172
6,RNN,30,64,2,0.2,0.0003,32,472.7962607106855,576.7816360500483
7,LSTM,30,256,2,0.2,0.0003,32,473.0154596144153,632.6267793318112
8,RNN,30,128,2,0.2,0.0003,32,473.10389364919354,578.07900450196
9,RNN,30,128,2,0.1,0.001,32,473.968757875504,548.9171799579917
10,RNN,30,32,2,0.0,0.001,32,475.4118179813508,585.0034873334703
11,GRU,30,256,2,0.2,0.0001,32,476.04019657258067,616.0775062643029
12,GRU,30,64,2,0.2,0.0003,32,476.2323431199597,623.3219137324324
13,LSTM,30,64,1,0.0,0.001,32,477.07322643649195,629.9274471865137
14,RNN,30,128,2,0.2,0.0003,64,478.1387112525202,586.8927692596818
15,LSTM,30,64,1,0.2,0.0003,32,478.2882591985887,634.5379595180015
16,GRU,30,256,2,0.2,0.0003,32,479.3929719002016,598.4318604613137
17,LSTM,30,128,2,0.1,0.001,32,479.692130796371,664.2669248877631
18,GRU,30,256,2,0.1,0.0003,32,481.0806451612903,618.4078238181023
19,LSTM,30,128,1,0.0,0.0003,32,481.38900264616933,639.3242766677746
20,RNN,30,256,2,0.0,0.0003,32,482.1921622983871,592.6457134530242
21,GRU,30,256,2,0.0,0.0001,32,483.26185263356854,640.8708251505454
22,RNN,30,128,1,0.0,0.0003,32,484.53968466481854,590.202976773768
23,RNN,30,32,2,0.2,0.0003,32,484.6717568674395,616.5611307401905
24,GRU,30,256,2,0.0,0.0003,32,485.31663463961695,610.3924647272906
25,GRU,30,256,1,0.0,0.0001,32,485.6176285282258,614.994866178923
26,GRU,30,256,1,0.2,0.0001,32,489.1754189768145,612.7092576964545
27,GRU,30,256,1,0.2,0.001,32,489.806160219254,586.0429367668156
28,LSTM,30,128,1,0.2,0.0003,32,489.85931199596774,633.8287741208965
29,LSTM,30,256,2,0.2,0.001,32,490.440681703629,654.2069519077701
30,LSTM,30,256,2,0.0,0.0003,32,490.6294181577621,633.8778298082563
31,GRU,30,128,2,0.1,0.0003,32,490.9141097530242,643.1094433688139
32,GRU,30,256,2,0.2,0.001,64,490.9905730216734,647.6783665243771
33,LSTM,30,256,1,0.0,0.0001,32,491.4413826234879,639.1131644838824
34,GRU,30,128,1,0.0,0.0001,32,491.85226341985884,625.7883443424855
35,GRU,30,128,2,0.0,0.0003,32,492.01112021169354,639.6816009378491
36,GRU,30,256,1,0.2,0.0003,32,492.0803458921371,635.9936675749594
37,LSTM,30,256,1,0.0,0.0003,32,492.26332535282256,654.4975450135199
38,RNN,30,128,1,0.0,0.001,32,493.25531596522177,598.8986820171074
39,GRU,30,256,1,0.2,0.001,64,493.48362682711695,660.6710410518461
40,GRU,30,128,1,0.0,0.0003,32,494.49212449596774,619.1916363028616
41,GRU,30,128,2,0.2,0.0001,32,495.39431861139116,644.7532786154783
42,LSTM,30,256,2,0.1,0.001,32,495.4354996219758,668.6515516132193
43,LSTM,30,64,2,0.1,0.001,32,495.6826644405242,679.6646972821229
44,RNN,30,256,2,0.1,0.0001,32,495.8842300907258,611.9346640586296
45,GRU,30,64,2,0.2,0.001,32,496.2685074344758,636.4101311119445
46,LSTM,30,128,1,0.0,0.0001,32,497.2841324344758,638.2282925015977
47,GRU,30,128,2,0.1,0.001,32,497.70944115423384,609.41340254352
48,GRU,30,256,2,0.2,0.001,32,497.7214827998992,628.9221163625774
49,RNN,30,128,1,0.1,0.001,32,497.7915432837702,615.545405246513
50,LSTM,30,128,1,0.2,0.001,32,497.98702904485884,636.8322118561869
51,LSTM,30,256,1,0.1,0.0001,32,498.1407903855847,657.7640323155441
52,GRU,30,128,2,0.1,0.0001,32,499.1177939138105,653.6524331883957
53,GRU,30,128,2,0.1,0.001,64,499.265388734879,674.0598284436428
54,LSTM,30,256,2,0.2,0.0001,32,499.6559586063508,668.946902837305
55,GRU,30,64,2,0.0,0.001,32,499.6836882560484,613.1332733264097
56,GRU,30,32,2,0.1,0.001,32,499.72849987399195,634.8204033791728
57,GRU,30,256,1,0.0,0.001,32,499.92413526965726,603.842222785173
58,GRU,30,64,1,0.2,0.0003,32,499.9317193800403,619.3727321246636
59,GRU,30,128,1,0.1,0.0001,32,500.1494376890121,645.7393407259767
60,RNN,30,32,2,0.1,0.0003,32,500.32174584173384,619.9849255375234
61,LSTM,30,256,1,0.2,0.0001,32,500.32855027721774,655.79460394776
62,GRU,30,256,2,0.1,0.0001,32,500.36092647429433,652.7062422485021
63,RNN,30,256,2,0.1,0.001,32,500.5085921748992,625.3814080290807
64,GRU,30,256,1,0.0,0.0003,32,500.74102192540323,644.5544891570792
65,LSTM,30,256,2,0.0,0.001,32,500.825927734375,646.6711294377643
66,GRU,30,128,2,0.2,0.001,32,501.0867171748992,619.0713924144466
67,LSTM,30,128,1,0.2,0.0001,32,501.2674127394153,662.7721266658626
68,GRU,30,256,2,0.0,0.001,32,501.4488486013105,612.8044081903063
69,GRU,30,128,1,0.1,0.0003,32,501.82302954889116,629.0198872380711
70,LSTM,30,128,1,0.1,0.001,32,501.95703125,648.3875352380263
71,GRU,30,128,2,0.0,0.001,32,502.0780462449597,646.8898352380673
72,RNN,30,128,1,0.1,0.0003,32,503.28192729334677,615.4375071741281
73,GRU,30,128,1,0.2,0.0003,32,503.53089560231854,634.0585366065686
74,LSTM,30,256,2,0.1,0.0003,32,503.56700478830646,652.615987058645
75,RNN,30,64,2,0.1,0.0003,32,503.6259293094758,612.184938358893
76,GRU,30,64,2,0.1,0.001,32,503.80808971774195,649.9526271783062
77,GRU,30,32,2,0.0,0.0003,32,504.4974089591734,655.4849218819418
78,GRU,30,256,2,0.0,0.001,64,504.53146263860884,660.3476036154246
79,GRU,30,256,1,0.1,0.0001,32,504.67596238659274,637.8978437420516
80,GRU,30,128,2,0.2,0.0003,32,504.7023532006048,658.4152085592071
81,GRU,30,32,2,0.2,0.001,32,505.09786888860884,654.6124148174147
82,LSTM,30,256,1,0.0,0.001,32,505.2593482232863,647.0184211086053
83,GRU,30,256,2,0.1,0.0001,64,505.65175308719756,675.0770049133778
84,RNN,30,256,2,0.2,0.0001,32,505.69100459929433,644.045241159483
85,GRU,30,64,2,0.2,0.0001,32,506.1458700856855,665.8114945523325
86,LSTM,30,32,1,0.0,0.001,32,506.32888892389116,644.3982277937952
87,GRU,30,32,2,0.1,0.0003,32,506.33653603830646,655.3523857053189
88,RNN,30,256,1,0.2,0.0003,32,507.15719506048384,603.5126831923079
89,RNN,30,256,1,0.0,0.0001,32,507.21575730846774,639.1095027767814
90,LSTM,30,256,1,0.1,0.0003,32,507.34371849798384,672.4398222063495
91,GRU,30,128,1,0.1,0.001,32,507.7550560735887,617.010859386111
92,GRU,30,256,2,0.0,0.0003,64,507.87501575100805,669.5659858991506
93,RNN,30,256,1,0.2,0.0001,32,508.13729366179433,649.9539942595682
94,LSTM,30,64,1,0.0,0.0003,32,508.16420425907256,661.7600536852559
95,GRU,30,256,1,0.1,0.0003,32,508.3474593623992,638.0434846716627
96,GRU,30,256,1,0.1,0.001,32,508.7468025453629,607.4990873140512
97,GRU,30,64,2,0.0,0.0003,32,509.22772807459677,663.4399747853969
98,LSTM,30,256,2,0.0,0.0001,32,509.3214623235887,686.732675303787
99,GRU,30,128,1,0.2,0.0001,32,509.70577904485884,650.9788994015852
100,GRU,30,128,2,0.0,0.0001,32,509.8457503780242,667.0765249515838
101,RNN,30,256,2,0.2,0.0003,64,509.91763797883067,662.3896208062986
102,LSTM,30,256,2,0.1,0.001,64,510.518058530746,677.3623183918967
103,GRU,30,128,2,0.1,0.0003,64,510.6705755418347,668.4141805886409
104,LSTM,30,256,1,0.1,0.001,32,510.90887254284274,679.8542641635091
105,LSTM,30,64,1,0.1,0.001,32,511.74240013860884,675.8066290150923
106,LSTM,30,256,1,0.2,0.0003,32,511.815665952621,672.4653148719412
107,LSTM,30,128,1,0.0,0.001,32,511.85965064264116,651.8593205715725
108,RNN,30,128,2,0.0,0.001,32,511.8638167842742,618.2302013257881
109,RNN,30,256,1,0.1,0.0003,32,512.1989116053427,622.2452963166511
110,LSTM,30,64,2,0.0,0.001,32,512.3360556325605,685.3880477668204
111,LSTM,30,32,1,0.2,0.001,32,512.348884828629,680.0796489807759
112,RNN,30,32,2,0.0,0.0003,32,512.3587764616935,611.7367647343307
113,GRU,30,128,2,0.2,0.001,64,512.9642452116935,674.0203244196781
114,GRU,30,256,2,0.1,0.001,64,513.0794008316532,668.4099137987192
115,LSTM,30,256,2,0.1,0.0001,32,513.2044953377016,700.4306074976452
116,GRU,30,256,2,0.2,0.0001,64,513.4518255418346,679.1906910964037
117,GRU,30,256,2,0.0,0.0001,64,514.3749527469759,670.714593197968
118,RNN,30,256,2,0.2,0.001,64,514.9756961945565,651.5959140876691
119,LSTM,30,256,2,0.2,0.001,64,515.1119345388105,724.6142284458489
120,GRU,30,128,1,0.2,0.001,64,515.1323635962701,678.944664837975
121,GRU,30,128,1,0.2,0.0003,64,515.2450305569556,652.2809168175802
122,GRU,30,128,1,0.2,0.001,32,515.8309523059476,628.6013006804893
123,GRU,30,256,2,0.2,0.0003,64,515.9502189390121,700.4967223566871
124,LSTM,30,256,1,0.0,0.0001,64,516.0279895413306,707.1099230003687
125,LSTM,30,256,2,0.0,0.001,64,516.7459992439516,714.6840097469099
126,RNN,30,32,2,0.2,0.001,64,516.766097530242,632.9811780750327
127,GRU,30,64,2,0.1,0.0003,32,516.9515026461694,651.8010126057012
128,GRU,30,128,1,0.0,0.0001,64,516.995613344254,702.8525183655565
129,RNN,30,256,1,0.0,0.0003,32,517.1687326738911,644.4298818433247
130,GRU,30,128,2,0.0,0.0001,64,517.4352791078629,696.1454675807495
131,LSTM,30,64,2,0.2,0.001,32,517.7265940020161,691.0026182400901
132,GRU,30,64,2,0.0,0.001,64,517.9598191784274,684.0220785704506
133,RNN,30,64,2,0.1,0.001,32,518.7877551663306,620.520716393004
134,LSTM,30,64,1,0.2,0.001,32,519.5797001008065,701.8803683216836
135,GRU,30,256,1,0.1,0.0003,64,519.6825069304435,660.772659548422
136,GRU,30,64,1,0.0,0.001,32,519.9548812373991,643.5405542996041
137,GRU,30,256,2,0.1,0.0003,64,520.0755182081654,667.5775734797095
138,RNN,30,64,2,0.2,0.0001,32,520.1539739793346,659.0027813589732
139,GRU,30,64,1,0.1,0.0003,32,520.9352397303427,644.7836430663752
140,GRU,30,64,1,0.2,0.001,64,521.0257686491935,660.7624200102005
141,RNN,30,64,1,0.2,0.0003,32,521.5191926033266,636.6885627646896
142,LSTM,30,32,2,0.2,0.0003,32,521.5832992061491,670.8099963124378
143,RNN,30,128,2,0.2,0.0001,32,521.7379426033266,648.9153615582189
144,LSTM,30,128,2,0.2,0.0001,32,521.921394594254,694.7261786547755
145,RNN,30,32,2,0.2,0.001,32,522.0593970514113,622.1355341632649
146,RNN,30,256,1,0.2,0.001,64,522.9643948462701,631.5248545406454
147,GRU,30,32,1,0.1,0.0003,32,523.3243920110887,658.7614639555686
148,RNN,30,256,1,0.0,0.0003,64,523.5148610761089,657.0083171149563
149,LSTM,30,128,1,0.1,0.0001,32,523.7605295488911,668.7639636498534
150,GRU,30,256,1,0.0,0.0003,64,523.8393160912299,668.0701692700355
151,GRU,30,128,1,0.0,0.0003,64,524.2176474294355,673.7122600362048
152,GRU,30,128,1,0.1,0.0003,64,524.4437058971774,686.2896564711933
153,GRU,30,128,1,0.1,0.0001,64,524.4654029107863,720.1997811058789
154,RNN,30,64,2,0.1,0.0001,32,524.6933199974799,667.6762476462441
155,RNN,30,64,1,0.2,0.001,32,525.5303600680444,652.384413745834
156,GRU,30,32,2,0.2,0.0003,32,525.5428427419355,674.4580895082447
157,LSTM,30,64,1,0.1,0.0003,32,525.5789598034274,674.7481674360444
158,GRU,30,256,1,0.1,0.001,64,525.9861312373991,681.2525795160187
159,GRU,30,64,2,0.1,0.0001,32,526.5319587953629,684.0168933394768
160,GRU,30,256,1,0.2,0.0001,64,526.6489494077621,669.0406275648472
161,GRU,30,128,1,0.0,0.001,32,526.911117061492,630.6061368670684
162,GRU,30,256,2,0.1,0.001,32,527.656486265121,659.465390740123
163,GRU,30,128,1,0.1,0.001,64,527.6984311995968,659.9107800591861
164,GRU,30,256,1,0.0,0.0001,64,527.7217505670363,672.4104928376187
165,LSTM,30,256,1,0.2,0.001,32,527.784187563004,683.6372846831006
166,GRU,30,64,1,0.2,0.001,32,527.8234154485887,650.2412988342279
167,GRU,30,64,2,0.0,0.0003,64,528.0215395035282,696.066885509515
168,LSTM,30,128,2,0.0,0.0003,32,528.1959346648185,723.0821960166937
169,RNN,30,256,1,0.1,0.001,32,528.3065146169355,670.9297733328344
170,GRU,30,64,2,0.2,0.0003,64,528.4967237903226,679.7771779743179
171,LSTM,30,256,1,0.1,0.001,64,528.5155068674395,716.5981200885421
172,LSTM,30,128,2,0.2,0.001,32,528.8030100176411,704.0895523374002
173,GRU,30,32,1,0.1,0.001,32,528.8321493825605,658.9505525730876
174,GRU,30,128,2,0.0,0.0003,64,530.150619014617,704.3242956404844
175,RNN,30,256,1,0.1,0.0003,64,530.429695375504,682.3533517537519
176,GRU,30,32,1,0.2,0.0003,32,530.5579558341734,642.0955823452334
177,GRU,30,64,1,0.1,0.0001,32,530.7209157636089,695.6258388739125
178,GRU,30,64,1,0.0,0.0003,32,530.8603279359879,651.7577492679111
179,GRU,30,128,2,0.0,0.001,64,530.9898484753024,669.4671780300903
180,GRU,30,64,1,0.1,0.0003,64,531.0677687121976,669.0834217159593
181,GRU,30,32,1,0.0,0.0003,32,532.3337638608871,660.1607483083452
182,GRU,30,64,1,0.0,0.0003,64,532.5369361139113,681.1113679892968
183,RNN,30,128,2,0.0,0.0003,32,532.8155478200605,633.9328105400695
184,LSTM,30,32,1,0.2,0.0003,32,533.1940445438509,676.1357109575504
185,GRU,30,256,1,0.1,0.0001,64,533.9719474546371,679.9709681100009
186,LSTM,30,128,2,0.1,0.0001,32,534.3774807837701,727.3969306282399
187,LSTM,30,128,1,0.0,0.0003,64,534.7348160282259,715.657565242295
188,GRU,30,64,1,0.2,0.0001,32,535.4087465347782,703.2948292321007
189,LSTM,30,128,2,0.1,0.0003,32,535.6087134576613,727.3654410676385
190,LSTM,30,128,2,0.0,0.0001,32,535.8805443548387,735.6517065416032
191,RNN,30,128,1,0.2,0.0003,32,536.0853547127016,665.1662639125236
192,LSTM,30,64,1,0.2,0.0003,64,536.350814327117,701.4712274718731
193,GRU,30,32,2,0.2,0.001,64,536.4661589591734,700.7402354849049
194,RNN,30,256,2,0.0,0.001,32,536.6589119203629,671.8485941579995
195,GRU,30,64,1,0.1,0.001,32,537.0274855090726,664.8750353761548
196,RNN,30,64,2,0.2,0.001,64,537.204826108871,656.6361760728928
197,GRU,30,256,1,0.0,0.001,64,537.4094553301411,678.4776760451667
198,RNN,30,128,2,0.1,0.0001,32,537.4541330645161,679.5661758020917
199,RNN,30,128,2,0.1,0.0003,32,537.9070296748991,648.5999372454846
200,GRU,30,32,1,0.0,0.001,32,538.4081086189516,664.0449240156563
201,RNN,30,128,1,0.1,0.0001,32,538.6729854460685,681.6173328360453
202,GRU,30,32,2,0.1,0.001,64,538.9195596018145,705.5371878578238
203,RNN,30,128,2,0.0,0.0001,32,539.0789519279234,655.5974846642586
204,RNN,30,32,1,0.1,0.0003,32,539.0935846144154,675.599697669605
205,RNN,30,32,2,0.1,0.001,32,540.3593356224799,657.6567873425487
206,RNN,30,256,1,0.1,0.001,64,540.6895318800404,685.9082231164145
207,GRU,30,64,2,0.0,0.0001,32,540.981437436996,696.2303823213379
208,GRU,30,32,1,0.2,0.001,64,541.0693595640121,694.3711927967913
209,LSTM,30,32,2,0.2,0.001,32,541.2289251512096,721.10346315303
210,GRU,30,128,2,0.1,0.0001,64,541.2914251512096,722.7954362839897
211,GRU,30,64,1,0.0,0.0001,32,541.3489242061491,703.6954118892916
212,GRU,30,128,2,0.2,0.0001,64,541.641365297379,717.9282056660439
213,LSTM,30,128,1,0.1,0.0003,32,541.9546764742944,734.2693416067228
214,RNN,30,256,2,0.1,0.001,64,542.046646610383,667.0759265241784
215,LSTM,30,64,2,0.1,0.0003,32,542.2910865045363,744.486396735113
216,RNN,30,128,2,0.2,0.0001,64,542.7317209551411,690.1271783049089
217,LSTM,30,64,2,0.0,0.0003,32,542.8730074974799,722.6448946663099
218,LSTM,30,32,2,0.1,0.001,32,543.4697816910282,733.3833408905782
219,RNN,30,256,1,0.1,0.0001,32,543.605712890625,671.8547695958089
220,LSTM,30,32,1,0.1,0.001,32,543.7719962827621,710.0626164855835
221,GRU,30,128,1,0.0,0.001,64,543.8985950100806,666.6073637960886
222,GRU,30,128,1,0.2,0.0001,64,544.1966749621976,749.298392303918
223,LSTM,30,128,1,0.1,0.001,64,544.7971742691532,769.6294533621949
224,GRU,30,128,2,0.2,0.0003,64,545.1631331905241,701.512869985001
225,LSTM,30,256,1,0.1,0.0003,64,545.2497164818549,763.2173836454584
226,RNN,30,256,2,0.1,0.0003,64,545.3318816154234,735.7189539409192
227,GRU,30,32,1,0.1,0.001,64,545.4643160912299,694.9773017828994
228,LSTM,30,64,1,0.0,0.0003,64,545.7666724420363,735.112810095807
229,GRU,30,64,1,0.2,0.0003,64,546.0662644909274,704.4936146555258
230,GRU,30,32,1,0.2,0.0003,64,546.1362068422379,719.2760880840394
231,GRU,30,64,2,0.1,0.001,64,546.2727365801411,725.7189134460259
232,RNN,30,128,2,0.2,0.001,64,547.3433719758065,693.7629924422637
233,LSTM,30,128,2,0.2,0.0003,32,547.3955314390121,742.8090942623232
234,GRU,30,256,1,0.2,0.0003,64,548.117431640625,691.7783825237535
235,LSTM,30,64,2,0.2,0.0001,32,548.6786006804435,751.0979995451681
236,RNN,30,256,2,0.0,0.0001,64,548.7613722278226,727.835858656939
237,GRU,30,32,1,0.0,0.001,64,549.6762380292339,701.3121754454907
238,GRU,30,32,1,0.2,0.001,32,550.4049662928427,665.8394318185469
239,LSTM,30,64,2,0.0,0.0001,32,550.5661227318549,726.8708671498808
240,RNN,30,128,1,0.0,0.0001,32,551.4572517641129,675.1646601161017
241,RNN,30,256,1,0.0,0.0001,64,551.500960811492,734.7885980348948
242,GRU,30,64,2,0.2,0.001,64,551.6008852066532,711.3140541934974
243,RNN,30,64,2,0.1,0.001,64,552.3445139238911,691.6710711489675
244,GRU,30,64,1,0.0,0.001,64,552.5103405367944,697.9535459469417
245,RNN,30,128,1,0.1,0.001,64,553.361083984375,708.0495868090484
246,GRU,30,32,2,0.1,0.0003,64,553.4686318674395,720.9367657829933
247,LSTM,30,32,1,0.2,0.001,64,553.4874228200605,729.055364578453
248,RNN,30,64,2,0.0,0.0003,64,553.784919984879,694.1797173970481
249,RNN,30,64,2,0.0,0.0001,32,554.2369817918346,696.3262450413705
250,GRU,30,64,1,0.1,0.001,64,554.5955456149194,691.8800267676443
251,LSTM,30,256,1,0.0,0.001,64,554.7015577746976,739.5261521888567
252,LSTM,30,64,2,0.1,0.0001,32,554.982421875,749.6131276684885
253,RNN,30,256,2,0.2,0.001,32,555.3164377520161,648.3061013693192
254,RNN,30,256,2,0.0,0.001,64,555.8278572328629,667.4931734915285
255,LSTM,30,256,1,0.1,0.0001,64,555.8932632938509,775.5521197400768
256,LSTM,30,256,1,0.0,0.0003,64,556.388900264617,773.7903470174275
257,RNN,30,128,2,0.1,0.001,64,556.4350113407259,678.4042187233724
258,LSTM,30,64,2,0.2,0.0003,32,556.8264396421371,750.9960089588658
259,RNN,30,64,2,0.0,0.001,64,557.402083858367,693.3913781184989
260,RNN,30,64,1,0.1,0.0003,64,557.4704983618951,694.6514859210598
261,RNN,30,32,2,0.2,0.0003,64,557.7469049269154,705.0991944301988
262,GRU,30,64,2,0.0,0.0001,64,558.0206101940524,729.798029119274
263,GRU,30,64,2,0.2,0.0001,64,558.2031801285282,736.5467066139905
264,RNN,30,256,2,0.2,0.0001,64,558.4109831779234,737.6406575070989
265,RNN,30,64,2,0.2,0.0003,64,558.970695249496,702.0883166270355
266,GRU,30,64,1,0.2,0.0001,64,558.9735776839718,716.4310184355414
267,RNN,30,256,1,0.2,0.0003,64,558.9757276965726,735.4137680242927
268,RNN,30,64,1,0.2,0.001,64,559.382552608367,724.2815174900526
269,LSTM,30,256,1,0.2,0.001,64,560.8021279611895,758.8483654422286
270,RNN,30,64,1,0.0,0.0003,32,560.8625015751009,667.8869234356085
271,RNN,30,128,2,0.0,0.001,64,561.0759907384073,699.8372619878835
272,LSTM,30,64,1,0.1,0.001,64,561.2784699470766,757.7932343939925
273,RNN,30,32,1,0.2,0.0003,64,561.8760868195565,715.8454439362348
274,RNN,30,256,1,0.2,0.0001,64,561.9105263986895,707.4569443313887
275,LSTM,30,32,2,0.1,0.0003,32,562.2473932081654,793.1165188323095
276,RNN,30,256,1,0.0,0.001,64,562.588851436492,745.8812556641793
277,RNN,30,256,2,0.0,0.0003,64,562.6286857358871,720.7215462184982
278,RNN,30,128,2,0.0,0.0001,64,562.9828392767137,695.5592104439919
279,RNN,30,128,1,0.2,0.0003,64,564.3107358870968,728.4359394829994
280,RNN,30,32,2,0.0,0.001,64,564.38037109375,689.646414074206
281,RNN,30,64,2,0.0,0.0003,32,565.5920016381049,680.2024155863957
282,LSTM,30,256,1,0.2,0.0001,64,565.990706905242,779.917795006502
283,LSTM,30,64,1,0.1,0.0001,32,566.1285991053427,731.3825324962469
284,LSTM,30,32,1,0.1,0.001,64,566.5461189516129,743.4927345511297
285,RNN,30,32,1,0.0,0.0003,32,566.854752079133,700.604100469345
286,LSTM,30,128,1,0.2,0.0001,64,567.1380497101815,768.90869725833
287,RNN,30,32,1,0.0,0.001,64,567.5158297631049,704.3485220365545
288,RNN,30,64,1,0.1,0.0003,32,567.5706905241935,683.6307068625356
289,RNN,30,32,1,0.1,0.001,32,567.9474625126009,691.1327443767351
290,GRU,30,32,2,0.0,0.001,32,568.6274099042339,715.4329845978287
291,LSTM,30,128,1,0.2,0.0003,64,568.8235729586694,788.3997130601509
292,RNN,30,128,1,0.2,0.001,64,569.078125,742.629045120724
293,RNN,14,64,1,0.0,0.001,32,569.2595266788563,1118.8982147134386
294,RNN,30,32,2,0.1,0.001,64,569.9154170866935,712.7743463619242
295,RNN,30,256,1,0.2,0.001,32,570.3567524571573,732.0932774970023
296,RNN,30,256,2,0.0,0.0001,32,571.4056829637096,733.7135975719982
297,RNN,30,128,1,0.2,0.0001,32,571.785140498992,691.9069596110642
298,RNN,30,64,1,0.1,0.001,32,572.434326171875,696.6802652473061
299,LSTM,30,32,1,0.1,0.0003,64,572.6236060357863,751.4834359395122
300,RNN,30,128,2,0.1,0.0001,64,572.6478389616935,729.8676065059245
301,RNN,30,128,2,0.1,0.0003,64,573.3264711441532,736.584863559319
302,RNN,30,256,1,0.0,0.001,32,573.8518932711694,709.9402366910801
303,RNN,30,128,1,0.1,0.0003,64,574.2585685483871,747.8530415773483
304,RNN,30,256,1,0.1,0.0001,64,574.3007103704637,740.5443022180687
305,LSTM,30,128,1,0.0,0.0001,64,574.4869660408266,777.125966272699
306,GRU,30,64,2,0.1,0.0003,64,574.634285219254,754.4445952145633
307,LSTM,30,32,2,0.0,0.0003,32,575.3275264616935,757.5043327074426
308,RNN,30,32,2,0.1,0.0003,64,575.6521783644154,724.984852347863
309,LSTM,30,128,2,0.0,0.001,32,575.6744109122984,726.8251170465337
310,LSTM,30,32,1,0.0,0.0003,64,575.9867061491935,755.9374780243976
311,RNN,30,256,2,0.1,0.0001,64,576.0331243699596,741.6436469373499
312,LSTM,30,64,1,0.0,0.0001,32,576.0484973538306,762.6529705428501
313,RNN,30,32,1,0.1,0.0003,64,576.4781612273185,713.7357617347732
314,GRU,30,32,1,0.1,0.0003,64,577.0690209173387,747.4491873529264
315,RNN,30,64,1,0.0,0.001,64,577.6656139742944,733.5707719317987
316,RNN,30,128,1,0.0,0.001,64,577.7086614793346,724.7032596745292
317,RNN,30,128,2,0.0,0.0003,64,577.950675718246,717.6752312983315
318,LSTM,30,64,1,0.2,0.001,64,578.7918189264113,794.0378156079728
319,GRU,30,32,2,0.0,0.0003,64,578.9935105846774,748.5274322377776
320,LSTM,30,128,1,0.0,0.001,64,578.9949990549395,781.5078368067763
321,LSTM,30,128,2,0.0,0.001,64,579.0548765120968,719.6242001173648
322,LSTM,30,256,2,0.2,0.0001,64,580.0130497101815,797.0068649281073
323,GRU,30,32,1,0.0,0.0003,64,580.2457866053427,773.2175440911944
324,GRU,30,32,2,0.0,0.0001,32,582.7311460433468,739.3179854022878
325,RNN,30,32,2,0.1,0.0001,32,583.7872826360887,729.6604941276718
326,RNN,30,64,1,0.1,0.001,64,583.8157368321573,724.8949229365383
327,RNN,30,32,1,0.2,0.0003,32,583.9247180569556,691.7705694733166
328,RNN,30,64,1,0.2,0.0001,64,584.4799489667339,745.3772788495304
329,RNN,30,32,1,0.0,0.001,32,585.216316469254,705.4204659506705
330,RNN,30,32,1,0.2,0.001,32,585.4739242061491,706.0870755127228
331,LSTM,30,32,2,0.0,0.001,32,585.5242959299395,766.274862130737
332,LSTM,30,256,1,0.2,0.0003,64,585.9952353200605,805.2522695498852
333,RNN,30,128,1,0.1,0.0001,64,586.2368951612904,729.6558968067641
334,RNN,30,64,1,0.2,0.0003,64,586.2657431325605,734.2602835337427
335,GRU,30,32,2,0.1,0.0001,32,586.4530304939516,726.5580125182177
336,LSTM,30,32,1,0.0,0.0003,32,587.077628843246,745.4859354783249
337,GRU,30,32,2,0.0,0.001,64,587.7349814138105,761.5293274802762
338,RNN,30,128,1,0.0,0.0003,64,588.0435987903226,757.1843253475507
339,RNN,30,64,2,0.1,0.0003,64,588.7881568170363,750.7061990378813
340,RNN,30,64,2,0.1,0.0001,64,589.1400185861895,741.5870218324246
341,LSTM,30,64,1,0.2,0.0001,32,589.2381631174395,761.0748939088718
342,LSTM,14,128,2,0.2,0.0001,32,589.7879301030586,1121.2397220597293
343,RNN,30,32,2,0.0,0.0003,64,589.9993384576613,765.1415322903347
344,LSTM,30,32,1,0.0,0.001,64,591.9458244077621,802.030442335872
345,RNN,30,64,1,0.0,0.0003,64,592.6687878024194,717.7031544931366
346,RNN,30,64,1,0.0,0.001,32,592.873306766633,707.199823024076
347,LSTM,30,128,2,0.2,0.001,64,592.8737005418346,821.9161681355558
348,LSTM,30,64,1,0.1,0.0003,64,592.8996345766129,802.6918012886995
349,LSTM,30,32,1,0.1,0.0003,32,594.6024839339718,763.3911195485214
350,LSTM,30,128,1,0.2,0.001,64,594.8991935483871,808.7858884204738
351,RNN,30,32,1,0.1,0.001,64,595.9456432711694,730.3229515520376
352,RNN,30,64,2,0.0,0.0001,64,596.8199108492944,743.8911428154441
353,RNN,30,64,1,0.2,0.0001,32,597.2513309601815,739.5104673316403
354,RNN,30,64,1,0.1,0.0001,32,598.5630276587701,736.1795038249901
355,RNN,30,64,1,0.1,0.0001,64,599.6404674899194,754.8826749155103
356,LSTM,14,256,2,0.1,0.0001,32,599.8514793882979,1143.892164434188
357,RNN,30,128,1,0.0,0.0001,64,600.6920362903226,764.6514809225026
358,RNN,30,64,2,0.2,0.0001,64,601.036636844758,725.5344330668968
359,LSTM,30,64,2,0.0,0.0003,64,601.4209299395161,796.9353883770541
360,GRU,14,256,2,0.1,0.001,32,601.6726022273937,1107.5784638119085
361,LSTM,30,256,2,0.2,0.0003,64,602.8125315020161,813.66212236633
362,RNN,30,32,2,0.2,0.0001,32,603.9463126890121,773.8488690042249
363,RNN,14,32,2,0.1,0.001,32,604.5805923786569,1160.6413751367886
364,GRU,14,256,2,0.1,0.0001,32,604.9146131150266,1143.8046874654792
365,GRU,30,32,2,0.2,0.0003,64,605.6174080141129,746.1321233397957
366,LSTM,30,64,1,0.0,0.001,64,605.9111721900201,838.2431055158798
367,GRU,30,64,2,0.1,0.0001,64,606.1161636844759,782.6868126317313
368,GRU,14,256,2,0.2,0.0003,32,606.1536787317154,1152.2458888236029
369,RNN,30,64,1,0.0,0.0001,32,608.5839134954637,744.9815233117049
370,LSTM,14,256,1,0.0,0.0003,32,609.2108751662234,1153.5194548667564
371,GRU,14,256,2,0.2,0.001,32,610.3862512466756,1115.6963099748543
372,RNN,30,32,1,0.2,0.001,64,610.7208291330645,778.1959272487237
373,GRU,14,256,2,0.0,0.0003,32,611.9312042885638,1147.7886160401627
374,GRU,30,64,1,0.0,0.0001,64,612.8993195564516,781.3964446387677
375,GRU,14,256,2,0.0,0.001,32,613.0832883144947,1131.2522324518352
376,RNN,30,32,1,0.2,0.0001,32,613.2566863029234,791.564971383199
377,RNN,30,128,1,0.2,0.0001,64,613.5283518145161,772.8103703789437
378,LSTM,30,128,1,0.1,0.0003,64,614.0045756678427,843.1903452859725
379,GRU,14,256,2,0.2,0.0001,32,614.0566562084441,1146.2036359249062
380,LSTM,14,256,2,0.0,0.0001,32,614.4319367104388,1148.9078720419527
381,LSTM,14,256,2,0.1,0.0003,32,615.0384859125664,1151.5747379664233
382,GRU,14,256,1,0.1,0.001,32,615.4483616605718,1138.8705453355392
383,RNN,30,32,1,0.0,0.0001,32,615.9618746849799,766.4128634207024
384,LSTM,30,128,2,0.2,0.0003,64,616.0695013230846,835.201593734001
385,GRU,30,32,2,0.2,0.0001,32,616.1624952746976,772.6556498692527
386,LSTM,14,256,1,0.1,0.0001,32,616.7879301030586,1138.8396917521304
387,GRU,14,256,2,0.1,0.0003,32,617.4473539311836,1155.4419006589987
388,RNN,30,32,1,0.1,0.0001,64,617.7814311365927,792.848617488748
389,LSTM,14,256,2,0.0,0.0003,32,617.9109406166888,1158.4980115142691
390,LSTM,30,128,2,0.1,0.0001,64,618.2733508694556,843.1373093782189
391,RNN,14,128,2,0.1,0.001,32,619.2220640791223,1115.4733812463196
392,LSTM,14,256,2,0.2,0.0001,32,619.3888588763298,1153.3159507246285
393,LSTM,14,256,1,0.2,0.0003,32,619.9923017785904,1156.1287650501504
394,LSTM,14,256,1,0.2,0.0001,32,620.3474328873006,1152.638110909799
395,GRU,14,128,2,0.1,0.0001,32,620.8153102144282,1157.0636031842855
396,GRU,14,128,2,0.0,0.0001,32,621.0174119015958,1147.5574491766747
397,RNN,30,32,2,0.0,0.0001,32,621.2782494329637,764.2582158089873
398,LSTM,14,64,2,0.1,0.001,32,622.6058739195479,1160.5389894078965
399,LSTM,14,256,1,0.0,0.0001,32,623.2816188081782,1148.9986131160053
400,LSTM,30,128,2,0.1,0.001,64,623.2968198714718,834.6929011218857
401,RNN,30,64,1,0.0,0.0001,64,623.370833858367,775.7376359394675
402,GRU,14,256,1,0.2,0.001,32,623.5764783494016,1147.235278742644
403,LSTM,14,128,2,0.1,0.001,32,623.9481434923538,1170.0059543414386
404,LSTM,14,256,2,0.2,0.0003,32,624.0043581698803,1162.4053289298647
405,LSTM,30,32,2,0.2,0.001,64,624.5649886592741,808.7768559660592
406,GRU,14,256,2,0.0,0.0001,32,624.6637716090426,1150.6623948345434
407,GRU,14,256,1,0.0,0.001,32,624.7254249085771,1148.3449664736404
408,GRU,30,64,1,0.1,0.0001,64,625.07421875,796.6657464175593
409,GRU,14,128,2,0.1,0.0003,32,625.3920015375664,1151.2990574502328
410,GRU,14,128,2,0.0,0.0003,32,625.669121924867,1146.46140552045
411,GRU,14,128,1,0.0,0.0001,32,625.8605333693484,1137.980555927315
412,LSTM,14,128,2,0.0,0.0001,32,625.9284356299867,1169.229655262151
413,LSTM,14,128,2,0.2,0.0003,32,626.0928253823138,1162.3431223029775
414,GRU,30,32,1,0.2,0.0001,32,626.8612257434476,819.0951250493399
415,GRU,14,256,1,0.0,0.0001,32,627.3125363613697,1139.6334877713891
416,RNN,30,32,1,0.0,0.0003,64,628.2751779863911,785.8218561588609
417,GRU,14,128,2,0.2,0.0001,32,629.3223539311836,1175.4445169576677
418,RNN,30,32,2,0.1,0.0001,64,629.568595640121,801.3411869926075
419,LSTM,14,128,2,0.2,0.001,32,629.6963150349069,1164.0814465055141
420,LSTM,30,128,2,0.0,0.0001,64,629.9649382560484,844.2123462099441
421,GRU,14,256,1,0.1,0.0003,32,630.9642827460107,1141.9137112642538
422,LSTM,30,64,2,0.0,0.001,64,631.1070832283266,824.2292402628689
423,GRU,14,64,1,0.0,0.0003,32,631.6803420046542,1148.6775242687534
424,RNN,30,32,1,0.1,0.0001,32,632.0403934601815,801.9971054228356
425,GRU,14,64,2,0.1,0.0003,32,632.1987668301197,1163.401863040273
426,GRU,14,256,2,0.2,0.001,64,632.6486712516622,1169.8520891039254
427,GRU,14,128,1,0.2,0.0003,32,632.6969695395612,1138.5218503672588
428,LSTM,14,128,2,0.1,0.0003,32,632.9751963513962,1156.8976403295328
429,RNN,14,128,2,0.0,0.0003,32,633.0709254488032,1168.561155449377
430,LSTM,30,128,2,0.0,0.0003,64,633.1253622731855,863.4246457969266
431,RNN,14,128,2,0.0,0.001,32,633.6392640458777,1170.6666970458623
432,GRU,14,128,2,0.0,0.001,32,634.090711228391,1135.8054343373929
433,GRU,14,256,1,0.2,0.001,64,634.1759994182181,1157.4894237744588
434,GRU,14,256,1,0.0,0.0003,32,634.2484780169548,1146.8165298338536
435,LSTM,14,64,1,0.1,0.0003,32,634.358154296875,1141.9483541826878
436,GRU,14,128,1,0.1,0.001,32,634.5425376080452,1153.612807018028
437,RNN,30,32,2,0.2,0.0001,64,635.0145303049395,827.0967414879867
438,GRU,14,64,2,0.2,0.0003,32,635.0522408992687,1153.8145649172584
439,GRU,14,128,1,0.2,0.0001,32,635.1363291638962,1148.0058938524126
440,LSTM,30,32,2,0.0,0.0003,64,635.6261892011089,818.9222805707258
441,GRU,14,128,1,0.0,0.001,32,636.1843521442819,1143.9355015158653
442,GRU,14,256,1,0.2,0.0003,32,637.5503137466756,1148.302259844646
443,GRU,14,256,1,0.2,0.0001,32,638.255126953125,1140.9202794013604
444,GRU,14,256,1,0.0,0.001,64,638.5115265541888,1167.9851079169878
445,GRU,14,128,2,0.2,0.001,32,639.5035062749336,1156.529590389915
446,LSTM,14,64,2,0.0,0.0003,32,639.6877960854388,1133.595304774043
447,LSTM,14,128,1,0.2,0.001,32,640.3887290142952,1160.0028326729598
448,GRU,14,256,1,0.1,0.001,64,640.4233346492687,1162.2938625271818
449,LSTM,14,256,1,0.1,0.0003,32,640.5071320229388,1159.3326316579794
450,LSTM,14,128,2,0.0,0.001,32,640.5871633976063,1187.5315938627664
451,LSTM,14,32,1,0.0,0.001,32,641.059679396609,1145.8084023650104
452,LSTM,14,128,2,0.0,0.0003,32,641.3017941738697,1182.8470131518045
453,GRU,14,256,1,0.1,0.0001,32,641.8410800365691,1144.0164939327124
454,RNN,14,64,2,0.1,0.001,32,642.4328509391622,1163.8253370480584
455,LSTM,14,256,1,0.2,0.001,32,642.6249896110372,1142.7433973983202
456,LSTM,14,128,1,0.1,0.0003,32,643.0480697307181,1149.5956110152958
457,GRU,30,32,1,0.1,0.0001,32,643.4439579133065,831.2383652799472
458,LSTM,14,64,1,0.0,0.001,32,644.0254269863697,1158.0096631789766
459,GRU,14,128,2,0.2,0.0003,32,644.1006742436836,1156.037673622607
460,LSTM,14,256,1,0.1,0.001,32,644.4408140791223,1139.9888925466582
461,GRU,14,128,2,0.1,0.001,32,644.6446974734042,1141.7516143878386
462,LSTM,14,256,2,0.2,0.001,32,645.777411278258,1163.2594351008702
463,LSTM,30,64,2,0.1,0.001,64,646.835433467742,878.8862205252009
464,GRU,14,64,1,0.0,0.001,32,647.093370802859,1144.454353504898
465,LSTM,14,64,2,0.2,0.001,32,647.1476479388298,1165.0791936298701
466,GRU,14,128,1,0.0,0.001,64,647.4468137051197,1158.7086511100936
467,GRU,14,256,2,0.0,0.001,64,647.7566385472074,1163.2234442387478
468,LSTM,30,256,2,0.0,0.0001,64,648.2357059601815,864.6735928381934
469,LSTM,30,256,2,0.0,0.0003,64,649.9302072832661,880.3708244796487
470,GRU,14,32,2,0.1,0.001,32,650.3954350897607,1186.6660125123888
471,LSTM,14,128,1,0.1,0.001,32,650.5256763214761,1157.1925529708697
472,RNN,30,32,1,0.2,0.0001,64,650.5589638986895,832.3467783282404
473,GRU,14,64,1,0.1,0.001,64,651.4836841339761,1158.9502216335393
474,LSTM,14,128,1,0.0,0.0003,32,651.9593220162899,1168.3829890111933
475,LSTM,14,256,2,0.0,0.001,32,652.6770746758643,1155.9633003802028
476,RNN,14,64,2,0.0,0.001,32,653.0578197722739,1166.9835941884935
477,LSTM,14,256,1,0.0,0.001,32,653.2936907829122,1140.225161360804
478,GRU,14,128,1,0.1,0.0003,32,653.3476043051862,1152.3980620899542
479,LSTM,30,64,2,0.2,0.0003,64,654.0929466985887,854.6177434533323
480,GRU,14,128,1,0.1,0.0003,64,654.7524362117687,1157.2868698863901
481,GRU,14,256,2,0.1,0.001,64,655.0409896525931,1173.7084901315498
482,LSTM,30,256,2,0.1,0.0001,64,655.2823368195565,892.9102067179858
483,RNN,14,256,2,0.0,0.001,32,655.6235871010638,1162.9620348554654
484,GRU,14,64,1,0.2,0.001,64,655.7634433178191,1149.9595325255525
485,GRU,14,128,2,0.0,0.001,64,656.133191697141,1175.4759919037176
486,RNN,30,32,2,0.0,0.0001,64,656.2610257056451,816.4025787149657
487,GRU,14,128,1,0.1,0.0001,32,656.7862211186836,1157.4032800965063
488,LSTM,30,128,1,0.1,0.0001,64,656.7966072328629,878.768201702806
489,GRU,14,128,1,0.2,0.001,64,657.4798558011968,1169.032343884091
490,GRU,14,64,1,0.0,0.0003,64,657.6102892287234,1169.399354557501
491,GRU,14,64,2,0.0,0.001,32,657.7170825714761,1166.3986653718941
492,LSTM,14,64,2,0.0,0.001,32,658.0518201462766,1172.9500524316218
493,GRU,14,128,1,0.0,0.0003,32,658.4192829537899,1149.4953908641162
494,LSTM,14,64,1,0.1,0.001,32,658.4871852144282,1172.1635616559197
495,LSTM,14,256,2,0.1,0.001,32,658.5964095744681,1156.3569103277014
496,RNN,30,32,1,0.0,0.0001,64,658.7506694178427,838.442853180887
497,GRU,14,32,1,0.0,0.001,32,659.3267224900266,1141.2008523692994
498,LSTM,30,64,2,0.2,0.001,64,660.0615785660282,843.2747925873557
499,GRU,14,64,2,0.2,0.001,32,660.1694024268617,1158.701544280724
500,LSTM,14,64,2,0.2,0.0003,32,660.3803970661569,1180.9539870193355
501,GRU,14,128,2,0.2,0.001,64,660.5032049950133,1173.4866781288436
502,RNN,14,32,1,0.0,0.001,32,660.7049794298538,1163.665529536832
503,GRU,14,64,1,0.1,0.001,32,661.0534356299867,1160.0710440429516
504,LSTM,14,128,1,0.1,0.0001,32,661.2397045378989,1174.4130938022865
505,GRU,14,32,2,0.0,0.001,32,661.3736494348404,1187.229602741443
506,GRU,14,64,1,0.1,0.0003,32,661.76904296875,1157.0783716120839
507,GRU,14,128,1,0.2,0.001,32,661.9167168799867,1164.0331846420945
508,LSTM,14,128,1,0.0,0.001,32,662.6100502825798,1170.5637010745736
509,GRU,14,64,2,0.0,0.0003,32,662.7219809674202,1167.370407822803
510,LSTM,14,128,1,0.2,0.0001,32,663.0053503158244,1187.7206201612867
511,RNN,14,64,2,0.0,0.0003,32,663.3944325548538,1178.391740203553
512,GRU,14,32,2,0.2,0.001,32,663.4023333610372,1162.3056731070635
513,RNN,14,64,2,0.2,0.0003,32,665.1863364361702,1185.8634320494532
514,LSTM,30,32,1,0.2,0.0003,64,665.5046622983871,832.3289767933761
515,GRU,14,64,1,0.2,0.0003,64,666.8519780585107,1169.6884546359506
516,GRU,14,64,2,0.1,0.001,32,667.6953125,1158.0855213837278
517,LSTM,14,128,1,0.2,0.0003,32,667.7857691988032,1176.2898612684226
518,GRU,14,32,1,0.1,0.001,64,667.8565076462766,1175.8697518671734
519,RNN,14,128,2,0.1,0.0003,32,669.4850762549867,1170.026958120738
520,GRU,14,64,1,0.1,0.0003,64,669.653008643617,1166.9829603183439
521,GRU,14,32,1,0.2,0.0003,32,669.8216786486038,1154.2681947618144
522,GRU,14,64,1,0.2,0.001,32,670.287530127992,1180.8076318420715
523,GRU,14,64,1,0.0,0.001,64,671.435411818484,1174.558407759021
524,LSTM,14,32,1,0.1,0.001,32,671.7374657164229,1167.8961113012508
525,GRU,14,64,2,0.2,0.0001,32,671.9879072473404,1181.0715310235898
526,RNN,14,128,1,0.2,0.001,32,672.6448740857712,1185.464701618696
527,LSTM,14,128,1,0.0,0.0001,32,672.9170285488697,1192.608375477396
528,LSTM,14,64,1,0.2,0.001,32,673.0512643367687,1165.4158210822511
529,LSTM,14,32,2,0.2,0.001,32,673.9053669381649,1187.9341366748351
530,RNN,14,32,2,0.2,0.001,32,673.9950132978723,1187.1940515947742
531,GRU,14,32,2,0.2,0.0003,32,674.9898967337101,1197.2536600104584
532,LSTM,30,32,2,0.1,0.0003,64,675.4234343497984,885.709975845781
533,GRU,14,32,1,0.2,0.001,32,675.4411465259309,1162.1799499672231
534,LSTM,14,64,2,0.2,0.0001,32,676.3109728224734,1198.0351175647063
535,GRU,14,32,1,0.0,0.001,64,676.5427349983378,1170.8054717691577
536,GRU,14,32,2,0.0,0.0003,32,677.0439193400931,1170.8549275855505
537,GRU,14,32,2,0.1,0.0003,32,677.9778091755319,1168.9901802160875
538,LSTM,14,64,1,0.2,0.0003,32,678.6083984375,1182.5965791190608
539,LSTM,14,32,2,0.1,0.0003,32,680.4928627825798,1205.928190873838
540,LSTM,14,32,2,0.2,0.0003,32,681.0228661070479,1188.015153738426
541,GRU,14,32,2,0.0,0.001,64,681.7227289727393,1175.8483054489247
542,RNN,14,256,2,0.1,0.001,32,681.941582862367,1164.1361171948195
543,GRU,14,256,1,0.2,0.0003,64,682.473523728391,1176.9651202554155
544,LSTM,14,64,1,0.0,0.001,64,683.1124916888298,1195.5865006086235
545,LSTM,30,32,2,0.2,0.0001,32,683.3772208921371,852.8495758691898
546,RNN,14,64,2,0.2,0.001,32,683.4162389876994,1166.444083860604
547,LSTM,14,32,2,0.1,0.001,32,683.4363779920212,1201.0982601954486
548,LSTM,14,64,1,0.0,0.0003,32,683.5594664228723,1211.4868175222305
549,GRU,14,64,1,0.2,0.0003,32,683.6288958610372,1170.155159470487
550,GRU,14,256,1,0.0,0.0003,64,684.1977850731383,1173.7773071845106
551,GRU,14,32,1,0.2,0.001,64,684.3516767785904,1183.7749637229558
552,GRU,14,64,2,0.0,0.0001,32,684.7818213929521,1181.2138446752801
553,RNN,14,256,2,0.2,0.001,32,684.814806349734,1153.887272784985
554,GRU,14,32,1,0.0,0.0003,32,684.8408566738697,1176.537078233602
555,GRU,14,256,1,0.1,0.0001,64,685.168768700133,1173.1224183867446
556,LSTM,14,256,2,0.1,0.001,64,685.4192777593086,1202.4716963330977
557,GRU,14,128,2,0.1,0.001,64,686.0269437749336,1185.3980460291345
558,GRU,14,128,2,0.2,0.0003,64,686.2167760970744,1179.7427084687104
559,RNN,14,256,2,0.0,0.001,64,686.5178794049202,1166.877914169506
560,GRU,14,256,1,0.1,0.0003,64,686.6076452376994,1177.2492730343506
561,LSTM,14,128,1,0.2,0.001,64,687.012560255984,1176.2294587612798
562,LSTM,14,64,2,0.1,0.0003,32,687.146593459109,1217.968858471802
563,LSTM,14,32,1,0.2,0.001,32,687.6487647523271,1213.9473554019357
564,RNN,14,128,2,0.2,0.001,64,687.8353557180851,1177.0616814929404
565,LSTM,14,32,1,0.1,0.0003,32,688.119982130984,1177.1096649287267
566,GRU,14,128,1,0.1,0.001,64,688.4143222240691,1176.4046800172546
567,GRU,14,256,1,0.0,0.0001,64,688.5406727892288,1172.376663225573
568,RNN,14,256,2,0.1,0.0003,64,688.651990525266,1176.3820239517324
569,LSTM,14,256,1,0.1,0.001,64,689.6059154753989,1189.3154343708948
570,GRU,14,128,1,0.2,0.0003,64,689.6515905501994,1177.8979442121693
571,GRU,30,32,1,0.0,0.0001,32,690.121345766129,883.7632613496324
572,GRU,14,32,2,0.1,0.001,64,690.213446434508,1181.0296588353135
573,GRU,14,256,1,0.2,0.0001,64,690.3640188663563,1169.4422354595379
574,GRU,14,64,2,0.1,0.0001,32,691.2956023520612,1191.1201849258152
575,GRU,14,32,1,0.1,0.001,32,692.3659616023937,1171.8477349817956
576,GRU,14,32,2,0.2,0.001,64,693.0213960688164,1177.7074633542836
577,GRU,14,64,2,0.1,0.0003,64,693.9698304521277,1179.1809189792766
578,LSTM,14,256,1,0.2,0.001,64,694.1404535821143,1191.6670182186037
579,RNN,14,64,1,0.1,0.0003,32,694.4366740774601,1195.646212102287
580,GRU,14,32,2,0.0,0.0003,64,694.7204278174867,1182.38311850546
581,GRU,14,128,1,0.0,0.0001,64,695.1066998420878,1179.0339707406988
582,LSTM,14,32,1,0.1,0.001,64,695.3670160821143,1175.7368610882677
583,LSTM,14,128,2,0.1,0.0001,32,695.6012975814494,1205.075147565562
584,GRU,14,256,2,0.1,0.0003,64,695.6680103058511,1174.3184069124875
585,GRU,14,64,1,0.1,0.0001,32,696.9144624750664,1191.653859291325
586,LSTM,14,256,2,0.0,0.001,64,696.958875290891,1203.5063899320473
587,LSTM,14,256,2,0.2,0.001,64,697.4675760472074,1202.1793944558806
588,RNN,14,32,1,0.2,0.001,32,697.5111058011968,1202.1465002059365
589,LSTM,30,128,2,0.1,0.0003,64,697.7828959803427,923.6198104235668
590,LSTM,14,128,1,0.0,0.001,64,698.0369847074468,1184.1529660034255
591,RNN,14,256,1,0.0,0.001,32,699.0850596326462,1180.54472746402
592,LSTM,14,32,1,0.2,0.0003,32,699.517754737367,1180.2148945187755
593,RNN,14,32,2,0.2,0.0003,32,699.7474858710107,1201.038958637075
594,GRU,14,256,2,0.2,0.0003,64,700.6014638048538,1186.687919494864
595,LSTM,14,32,1,0.2,0.001,64,700.9103588347739,1217.0099589736944
596,LSTM,30,32,2,0.1,0.001,64,701.3032620337701,919.6858908113888
597,LSTM,30,256,2,0.1,0.0003,64,701.5311633694556,946.7751142505623
598,RNN,14,128,2,0.0,0.001,64,701.5607442652926,1186.6476426404706
599,GRU,14,128,1,0.0,0.0003,64,702.7406603224734,1185.830024097781
600,RNN,14,256,1,0.2,0.001,32,702.7412576878324,1215.151064362656
601,RNN,14,32,1,0.2,0.0003,32,703.599053565492,1219.5610070246828
602,LSTM,14,256,1,0.0,0.001,64,704.1331865026596,1198.490195676691
603,GRU,14,128,2,0.0,0.0003,64,706.1522710272607,1183.9859017672552
604,LSTM,14,256,1,0.2,0.0003,64,706.6087620511968,1191.8709593265644
605,RNN,14,256,2,0.0,0.0003,64,706.6711062167553,1179.418153617831
606,LSTM,14,32,1,0.0,0.001,64,706.7908649850399,1202.6156591564331
607,GRU,14,256,2,0.0,0.0003,64,707.6455130069813,1186.9303296922178
608,RNN,14,256,2,0.1,0.0003,32,707.6891050947473,1203.3801720450338
609,LSTM,14,256,1,0.1,0.0003,64,708.8066873753324,1192.3477079739264
610,LSTM,14,32,2,0.0,0.001,32,708.8530844830452,1196.5884537855316
611,GRU,14,128,2,0.1,0.0001,64,708.8677017536569,1177.1726071923965
612,RNN,14,256,1,0.2,0.0003,64,709.5340498254654,1190.2834814233279
613,GRU,14,64,2,0.2,0.0003,64,710.1591744930187,1191.2701948075983
614,GRU,14,64,2,0.0,0.001,64,710.7704454787234,1194.3739739806051
615,LSTM,14,64,1,0.2,0.0003,64,711.0411714594414,1202.3176811977337
616,GRU,14,256,2,0.1,0.0001,64,711.2594643450798,1189.1667647593813
617,LSTM,14,64,1,0.2,0.001,64,712.4717108543883,1200.330986705349
618,GRU,14,128,1,0.1,0.0001,64,712.5234530834441,1184.290367797562
619,GRU,14,64,1,0.0,0.0001,32,714.0660322473404,1197.4454647389666
620,RNN,14,32,2,0.0,0.0003,64,716.7407018783244,1201.5473773077358
621,LSTM,14,128,1,0.1,0.001,64,717.0058645694813,1198.2710577965775
622,LSTM,14,256,1,0.0,0.0003,64,717.1034117353723,1199.8772110542861
623,GRU,14,256,2,0.2,0.0001,64,717.5611598238032,1200.2919118730495
624,GRU,14,32,1,0.1,0.0003,64,719.2814785571809,1180.252203712503
625,GRU,14,64,2,0.2,0.001,64,719.9643087184176,1188.1614548796665
626,GRU,14,64,2,0.0,0.0003,64,720.5841038480718,1201.206078361481
627,GRU,14,32,1,0.1,0.0003,32,720.8132739777261,1191.9504396504933
628,LSTM,14,64,2,0.2,0.001,64,721.1259765625,1201.255411465685
629,LSTM,14,64,2,0.1,0.0001,32,721.6775265957447,1192.0520965865937
630,GRU,14,64,1,0.2,0.0001,32,721.9641996343086,1205.5284027399284
631,RNN,14,256,2,0.2,0.0003,64,722.4292719414893,1185.3038320074998
632,LSTM,30,128,2,0.2,0.0001,64,722.8563114289315,947.5819454753438
633,GRU,30,32,1,0.2,0.0001,64,722.9108492943549,885.8998441094618
634,RNN,14,256,2,0.2,0.001,64,723.1474505485372,1190.6219981541292
635,LSTM,14,256,1,0.2,0.0001,64,724.0155626662234,1191.6060532741055
636,LSTM,14,32,2,0.0,0.0003,32,724.7961114112367,1235.1412878025903
637,RNN,14,64,1,0.1,0.001,32,725.110284034242,1207.259304199569
638,RNN,14,64,2,0.1,0.0001,32,725.1414717004654,1210.2471217333994
639,GRU,14,256,2,0.0,0.0001,64,725.677869431516,1187.4412646021885
640,LSTM,14,128,2,0.0,0.001,64,725.9508290392288,1228.5595441482537
641,RNN,14,128,1,0.0,0.001,64,726.2307025016622,1201.7232956342045
642,GRU,14,128,2,0.0,0.0001,64,726.4873566323138,1207.0648654120996
643,GRU,14,128,2,0.2,0.0001,64,726.5748472822473,1203.943687636533
644,RNN,14,256,2,0.0,0.0003,32,726.7712662067819,1218.7325588042634
645,LSTM,14,64,1,0.0,0.0001,32,727.6654286486038,1196.4149579139196
646,RNN,14,32,2,0.0,0.001,32,727.7179708277926,1212.8337659127783
647,LSTM,30,32,1,0.0,0.0001,32,728.1771830897177,903.1439103741516
648,RNN,14,256,2,0.0,0.0001,64,728.3638890043218,1186.177181099659
649,RNN,14,256,1,0.1,0.0003,32,728.5484800947473,1192.1011040618146
650,RNN,14,256,1,0.0,0.0003,64,728.6408327792553,1200.2843609904587
651,LSTM,14,64,1,0.1,0.001,64,729.0172560671542,1184.2630929924298
652,RNN,14,64,2,0.0,0.0001,32,729.6971773188164,1207.0190878570781
653,GRU,14,32,1,0.0,0.0003,64,730.8646889544548,1192.8833058189007
654,GRU,14,128,2,0.1,0.0003,64,731.692980177859,1190.3793235475812
655,RNN,14,256,2,0.2,0.0001,64,731.9850762549867,1175.4853630890475
656,RNN,14,256,2,0.1,0.0001,64,733.3143388464096,1198.8165424444085
657,GRU,14,128,1,0.2,0.0001,64,733.9356975149601,1190.8833294258175
658,LSTM,14,32,1,0.0,0.0003,32,734.4341703374336,1255.3881376667434
659,GRU,14,64,2,0.1,0.001,64,734.8137622589761,1206.1148100975763
660,LSTM,14,32,1,0.2,0.0003,64,735.2960594664229,1197.9487813705655
661,RNN,14,32,1,0.0,0.0003,32,736.6718646110372,1204.7346974727595
662,LSTM,14,32,1,0.1,0.0003,64,737.5109915226063,1223.4144978572083
663,RNN,14,64,2,0.2,0.0001,32,738.4265032829122,1207.6736661163275
664,LSTM,14,128,1,0.0,0.0003,64,740.0998483211437,1206.4268381610107
665,RNN,14,128,2,0.2,0.001,32,741.2807149684176,1228.3607324905058
666,RNN,14,128,1,0.1,0.001,32,741.5150068567154,1213.7160730034386
667,RNN,14,64,2,0.0,0.0003,64,742.0983367270612,1203.3401530444105
668,RNN,14,128,1,0.1,0.001,64,744.2696507230718,1209.2135865677449
669,RNN,14,128,1,0.2,0.001,64,745.423937209109,1207.6928408214644
670,RNN,14,256,1,0.1,0.001,32,745.4320406000664,1219.4637053568918
671,GRU,14,32,1,0.2,0.0003,64,746.8113624085771,1219.13076257755
672,LSTM,14,32,1,0.0,0.0003,64,747.4532808344414,1194.3013001566655
673,LSTM,14,128,2,0.1,0.001,64,747.8788958610372,1217.6241517145063
674,RNN,14,128,1,0.1,0.0003,64,748.3336155668218,1183.451952610292
675,RNN,14,256,1,0.0,0.0003,32,748.730333693484,1206.0009844368328
676,RNN,14,128,2,0.1,0.001,64,749.4965976146941,1204.041200259799
677,LSTM,14,256,1,0.1,0.0001,64,750.3147128490691,1206.1884228866395
678,LSTM,14,128,2,0.2,0.001,64,750.3550791638962,1231.9642165131183
679,LSTM,30,32,2,0.2,0.0003,64,751.1722845262096,965.6096006999585
680,RNN,14,256,1,0.2,0.0001,64,752.5614922706117,1214.453871192677
681,RNN,14,128,2,0.1,0.0003,64,753.4422685339096,1203.6301073846553
682,LSTM,14,128,1,0.0,0.0001,64,753.7885638297872,1197.770151191234
683,LSTM,14,64,1,0.2,0.0001,32,754.3826618600399,1226.8860217491833
684,RNN,14,256,1,0.1,0.001,64,754.5134589012633,1212.9651623980105
685,RNN,14,32,1,0.1,0.0003,32,754.5262165475399,1229.4283483127476
686,LSTM,14,64,1,0.1,0.0003,64,755.2413044381649,1197.8535519194384
687,RNN,14,32,2,0.0,0.0003,32,755.2732868600399,1222.4155918658266
688,LSTM,14,64,2,0.0,0.0001,32,756.4095484956782,1257.4328754562455
689,RNN,14,256,2,0.0,0.0001,32,756.6558500249336,1204.5010923050138
690,GRU,14,32,2,0.2,0.0003,64,756.7979502576462,1218.1828321614212
691,GRU,14,32,2,0.0,0.0001,32,757.5745200299202,1232.6978601436247
692,RNN,14,32,1,0.1,0.001,64,757.7413511884973,1212.290221428482
693,RNN,14,32,1,0.0,0.0003,64,758.1667532413563,1200.9560009463544
694,RNN,14,128,2,0.2,0.0003,64,759.3528663148271,1196.3604695233798
695,RNN,14,256,1,0.0,0.001,64,759.492052443484,1222.4675627146437
696,RNN,14,64,2,0.2,0.001,64,759.6118527676197,1225.498378731436
697,RNN,14,256,1,0.1,0.0001,64,760.4004373753324,1213.3265844768791
698,RNN,14,256,1,0.1,0.0003,64,761.1986265791223,1216.5576801345862
699,RNN,14,64,2,0.1,0.001,64,761.2505246426197,1191.0321785563615
700,RNN,14,64,1,0.2,0.001,32,761.7510181183511,1229.224919288805
701,RNN,14,256,2,0.2,0.0003,32,762.0312344165559,1221.1053566258893
702,GRU,14,32,2,0.1,0.0003,64,762.4211166057181,1219.031785239292
703,LSTM,14,64,2,0.0,0.0003,64,762.7716454039229,1222.2270597005315
704,RNN,14,128,1,0.2,0.0003,64,762.8476146941489,1217.2165438664917
705,RNN,14,64,2,0.2,0.0001,64,763.1727892287234,1213.7685327869349
706,LSTM,14,128,1,0.1,0.0003,64,763.3457187084441,1206.630240316445
707,GRU,14,64,2,0.2,0.0001,64,763.675469581117,1224.59361666863
708,RNN,14,256,2,0.1,0.001,64,763.8236161901596,1209.7633768451465
709,GRU,14,64,2,0.1,0.0001,64,764.6029909823803,1216.86531016838
710,LSTM,14,64,1,0.0,0.0003,64,765.0644063746676,1209.21438264795
711,RNN,14,64,1,0.0,0.0001,32,765.4450216090426,1231.7870001398544
712,RNN,14,128,1,0.0,0.001,32,765.6657299285239,1236.9928086928396
713,RNN,14,128,1,0.1,0.0001,64,765.9780896775266,1216.3503639544638
714,RNN,14,32,2,0.2,0.001,64,766.7677443484042,1231.5596264650123
715,RNN,14,256,1,0.2,0.0001,32,766.769775390625,1219.4431742862107
716,RNN,14,256,2,0.1,0.0001,32,767.5405688996011,1219.2306645127378
717,RNN,14,128,1,0.0,0.0003,64,767.7074779753989,1203.0788181243795
718,LSTM,14,64,1,0.1,0.0001,32,768.0662867769282,1219.6813707594697
719,LSTM,14,128,1,0.2,0.0003,64,769.8251797290559,1217.590395602148
720,GRU,30,32,2,0.1,0.0001,64,770.343734248992,932.5951410891862
721,RNN,14,256,1,0.0,0.0001,64,771.6604938912899,1219.6819069353978
722,RNN,14,32,1,0.1,0.001,32,772.0227674119016,1232.458014847006
723,RNN,14,32,1,0.0,0.001,64,772.6095204454788,1217.243713833042
724,GRU,14,32,2,0.1,0.0001,32,772.7147450548538,1242.3960397075655
725,RNN,14,256,2,0.2,0.0001,32,772.9711186835107,1228.2021803484838
726,RNN,14,128,2,0.2,0.0003,32,774.7343698055187,1211.649102338903
727,GRU,30,32,1,0.1,0.0001,64,775.6371519027218,919.5831824268087
728,LSTM,14,32,2,0.1,0.0003,64,775.6798952792553,1229.8771214399333
729,LSTM,14,256,2,0.0,0.0003,64,775.972277052859,1247.8465880694935
730,RNN,14,128,2,0.0,0.0001,64,776.4656229222074,1206.7852819673033
731,RNN,14,64,2,0.2,0.0003,64,777.313720703125,1224.7683503266276
732,RNN,14,128,2,0.2,0.0001,64,777.6494348404256,1226.5789884256658
733,RNN,14,256,1,0.1,0.0001,32,778.0082644198803,1228.7830622090553
734,RNN,14,256,1,0.2,0.0003,32,778.176648728391,1227.6664386901937
735,GRU,14,64,2,0.0,0.0001,64,779.9929718666888,1228.9365109553153
736,RNN,14,128,2,0.1,0.0001,64,780.0182534075798,1238.096530652029
737,RNN,14,128,1,0.1,0.0003,32,780.7717129321809,1235.4526279623078
738,LSTM,14,32,2,0.0,0.001,64,780.9148156998006,1227.4577196197743
739,RNN,14,128,2,0.0,0.0003,64,781.6396899933511,1232.3869111344864
740,RNN,14,128,1,0.0,0.0001,64,781.8807450964096,1201.3300978414788
741,GRU,30,32,2,0.2,0.0001,64,782.5621062247984,942.8018673233045
742,RNN,14,32,2,0.2,0.0003,64,782.9045150432181,1212.2777438134738
743,RNN,14,64,1,0.1,0.001,64,782.9398686835107,1212.1857316416124
744,RNN,14,128,2,0.2,0.0001,32,783.735948927859,1234.116353186951
745,RNN,14,256,1,0.2,0.001,64,784.0639388713431,1208.8555424116416
746,RNN,14,32,2,0.0,0.001,64,784.2717544880319,1203.2724473814776
747,LSTM,14,256,1,0.0,0.0001,64,786.2992696559176,1222.8745686176776
748,RNN,14,128,2,0.1,0.0001,32,786.8610891788563,1227.656414032111
749,RNN,14,32,1,0.0,0.0001,32,787.0593313663563,1274.9381129892786
750,RNN,14,64,1,0.0,0.001,64,787.070135887633,1212.6332184888304
751,LSTM,30,32,2,0.0,0.0001,32,787.4375787550404,926.5633817268575
752,RNN,14,256,1,0.0,0.0001,32,787.5563185671542,1218.3765679188991
753,RNN,14,32,1,0.1,0.0003,64,788.7047145113032,1225.4818349042075
754,RNN,14,32,2,0.1,0.0003,32,789.6742696559176,1228.0271665105724
755,RNN,14,128,2,0.0,0.0001,32,791.5415506565824,1237.7681248741749
756,RNN,14,64,1,0.2,0.0003,32,791.6652935920878,1249.280093559167
757,LSTM,14,128,1,0.2,0.0001,64,792.110174950133,1218.8450778124559
758,RNN,14,64,1,0.2,0.0003,64,792.9157247340426,1253.40309202381
759,RNN,14,64,2,0.1,0.0003,64,793.4827179604388,1226.4444245137888
760,RNN,14,64,2,0.0,0.001,64,793.7493091339761,1210.7383513260806
761,RNN,14,64,1,0.0,0.0003,64,794.2832187084441,1218.6277378667853
762,LSTM,14,128,2,0.1,0.0003,64,794.4574571974734,1261.7848402084146
763,RNN,14,32,2,0.2,0.0001,32,794.5856621924867,1244.2184129152458
764,LSTM,30,64,2,0.0,0.0001,64,795.0004174017137,946.6373692306905
765,RNN,14,128,1,0.2,0.0003,32,795.4025775016622,1229.614152913532
766,RNN,14,32,1,0.2,0.001,64,796.4940419298538,1228.2240607957383
767,RNN,14,128,1,0.1,0.0001,32,796.5705514461437,1233.2772362829169
768,RNN,14,64,1,0.1,0.0003,64,799.5268035239362,1227.7958039770594
769,LSTM,30,32,1,0.1,0.0001,32,800.0828188004032,957.404871854658
770,RNN,14,64,1,0.2,0.0001,64,800.1007002160904,1235.271612591555
771,RNN,14,32,1,0.2,0.0001,32,800.1498296210107,1227.8055726139294
772,RNN,14,64,1,0.2,0.001,64,802.9682824966756,1218.6876228901192
773,RNN,14,32,2,0.2,0.0001,64,803.7352113115027,1253.2340495726528
774,RNN,14,128,1,0.0,0.0003,32,803.9711082945479,1239.3598390148295
775,RNN,14,128,1,0.2,0.0001,64,804.1278517702792,1241.3842633229117
776,RNN,14,64,1,0.1,0.0001,64,805.2493974401596,1247.7518343156023
777,RNN,14,128,1,0.0,0.0001,32,806.3717326712101,1248.801429821669
778,LSTM,14,256,2,0.1,0.0003,64,807.3606840093086,1267.9416271132843
779,GRU,14,32,2,0.2,0.0001,32,808.0800417636303,1265.0261768724208
780,RNN,14,64,1,0.0,0.0001,64,808.2087194564494,1228.363085349823
781,LSTM,14,128,2,0.0,0.0001,64,808.9587194564494,1245.780349348724
782,LSTM,30,32,1,0.2,0.0001,32,809.9409652217741,1007.090868480202
783,GRU,30,32,2,0.0,0.0001,64,810.126449092742,949.0522999644345
784,RNN,14,64,2,0.1,0.0003,32,812.2784709524601,1236.5267956126568
785,RNN,14,64,1,0.1,0.0001,32,814.9979325964096,1259.0976112459605
786,LSTM,14,64,2,0.0,0.001,64,817.0621052194149,1260.898863445051
787,LSTM,14,64,2,0.1,0.001,64,817.2572514960107,1245.138462555541
788,GRU,14,32,1,0.0,0.0001,32,817.5133550116357,1254.2580295147202
789,RNN,14,32,2,0.1,0.001,64,817.876355759641,1228.0604983955423
790,LSTM,14,128,2,0.2,0.0003,64,818.8952792553191,1278.712437345469
791,RNN,14,32,2,0.1,0.0001,32,820.4676020196143,1286.696108321049
792,LSTM,30,64,1,0.0,0.0001,64,820.5001732610887,973.9182361126968
793,RNN,14,64,2,0.1,0.0001,64,820.7300168301197,1251.4631928177687
794,RNN,14,32,1,0.1,0.0001,64,824.1826899102393,1257.3324993271483
795,RNN,14,128,1,0.2,0.0001,32,825.8294599817154,1255.8487411290926
796,RNN,14,64,1,0.2,0.0001,32,827.1304334275266,1262.701252780195
797,RNN,14,32,2,0.1,0.0001,64,827.2543893367687,1264.545016843986
798,LSTM,14,64,2,0.2,0.0003,64,828.6939982962101,1235.4162697977558
799,LSTM,30,64,1,0.1,0.0001,64,830.8717946698589,980.7497750628334
800,RNN,14,32,1,0.1,0.0001,32,831.4008165724734,1252.0247284254567
801,RNN,14,32,2,0.0,0.0001,32,833.2926051363032,1286.8492529473222
802,GRU,14,32,1,0.1,0.0001,32,833.4858294547872,1271.2595156068617
803,LSTM,14,128,1,0.1,0.0001,64,833.9832841589096,1241.6961415689502
804,GRU,14,64,1,0.2,0.0001,64,834.2501454454788,1266.7828504349065
805,LSTM,30,32,2,0.1,0.0001,32,835.745833858367,998.5968110174136
806,RNN,14,32,2,0.0,0.0001,64,836.932482130984,1260.8106618036065
807,LSTM,30,64,1,0.2,0.0001,64,838.0750141759073,994.6927720624136
808,GRU,14,32,1,0.2,0.0001,32,838.6777032081117,1276.3497860800003
809,GRU,14,64,1,0.1,0.0001,64,839.5020414311836,1238.0975018640106
810,RNN,14,32,1,0.2,0.0003,64,839.6937593500664,1225.2627212960306
811,RNN,14,64,1,0.0,0.0003,32,843.7396629820479,1267.8601509161829
812,LSTM,14,32,2,0.2,0.001,64,843.9462734790559,1257.0739947948987
813,RNN,14,64,2,0.0,0.0001,64,850.457275390625,1273.643943155314
814,LSTM,14,32,2,0.1,0.001,64,855.4524808843086,1253.702111651506
815,RNN,14,32,2,0.1,0.0003,64,860.8684393700133,1249.6346963754177
816,RNN,14,32,1,0.0,0.0001,64,864.272570021609,1302.117208451061
817,LSTM,14,256,2,0.2,0.0003,64,866.651746384641,1282.3452437233327
818,LSTM,14,32,2,0.2,0.0003,64,877.3396931100399,1247.5514113175739
819,LSTM,14,64,2,0.1,0.0003,64,879.8407475897607,1296.6230385143501
820,RNN,14,32,1,0.2,0.0001,64,885.8251953125,1339.1836003955225
821,GRU,14,64,1,0.0,0.0001,64,891.1729710355718,1283.3395461045839
822,LSTM,14,32,2,0.0,0.0003,64,891.4351520944149,1285.650190264479
823,LSTM,30,64,2,0.2,0.0001,64,891.4677261844759,1024.1970715226892
824,LSTM,30,32,1,0.1,0.0001,64,897.0947895665323,1130.8513499981784
825,GRU,30,32,1,0.0,0.0001,64,898.1085244455645,1055.0574437953796
826,LSTM,14,128,2,0.1,0.0001,64,904.4010607130984,1316.9921900604645
827,GRU,14,32,1,0.0,0.0001,64,934.169854346742,1377.9498461563524
828,LSTM,30,64,2,0.1,0.0001,64,936.6732374621976,1076.6269710018444
829,LSTM,30,32,1,0.2,0.0001,64,959.1545173891129,1119.4407093120808
830,LSTM,30,64,2,0.1,0.0003,64,961.0452290196573,1115.1336371139794
831,LSTM,14,32,1,0.2,0.0001,32,961.9449021359708,1341.448597907907
832,LSTM,14,128,2,0.2,0.0001,64,963.041327293883,1355.414137965563
833,LSTM,14,32,1,0.1,0.0001,32,966.105047997008,1360.2133250297118
834,LSTM,30,32,1,0.0,0.0001,64,973.001937373992,1196.15305279148
835,LSTM,14,32,1,0.0,0.0001,32,978.827880859375,1448.3729592073432
836,LSTM,30,32,2,0.0,0.0001,64,984.5731398059476,1127.9705248022553
837,GRU,14,32,1,0.1,0.0001,64,988.3806723736702,1370.5233386478756
838,LSTM,14,64,1,0.2,0.0001,64,990.2954413231383,1388.7606041478773
839,LSTM,14,32,2,0.1,0.0001,32,1010.7014212101063,1407.6559665667835
840,GRU,14,32,2,0.1,0.0001,64,1011.5195364444813,1399.1033603631279
841,LSTM,30,32,2,0.2,0.0001,64,1013.1338441910282,1164.6270407579636
842,GRU,14,32,2,0.0,0.0001,64,1013.2194876163563,1396.5483783717852
843,GRU,14,32,1,0.2,0.0001,64,1013.8243122506649,1416.8349837167927
844,LSTM,30,32,2,0.1,0.0001,64,1015.6900989163306,1149.3936360063592
845,LSTM,14,64,1,0.1,0.0001,64,1016.0578873005319,1396.9695322433336
846,LSTM,14,256,2,0.0,0.0001,64,1016.9047747672872,1381.3502586747782
847,LSTM,30,32,2,0.0,0.001,64,1018.1876890120968,1156.7132526784676
848,GRU,14,32,2,0.2,0.0001,64,1028.411688622008,1436.6247855319389
849,LSTM,14,32,2,0.0,0.0001,32,1031.0899424451463,1423.4727366248026
850,LSTM,14,32,2,0.2,0.0001,32,1044.592731881649,1442.368066107524
851,LSTM,14,64,1,0.0,0.0001,64,1045.7025068567154,1446.6510868433184
852,LSTM,14,64,2,0.1,0.0001,64,1051.9334638879654,1379.2132060067042
853,LSTM,14,256,2,0.2,0.0001,64,1058.650619182181,1423.7216594666982
854,LSTM,14,64,2,0.2,0.0001,64,1060.166638962766,1381.3590628455938
855,LSTM,14,128,2,0.0,0.0003,64,1074.079221035572,1432.254296290502
856,LSTM,14,32,1,0.0,0.0001,64,1107.8566375083112,1511.0579807854047
857,LSTM,14,32,1,0.2,0.0001,64,1114.494831491024,1520.2867272423657
858,LSTM,14,32,1,0.1,0.0001,64,1160.246379446476,1559.357077696089
859,LSTM,14,32,2,0.0,0.0001,64,1168.6420586768618,1540.1938846192409
860,LSTM,14,64,2,0.0,0.0001,64,1172.6640832779256,1478.936284936928
861,LSTM,14,32,2,0.2,0.0001,64,1218.4002451795213,1533.7153952748615
862,LSTM,14,32,2,0.1,0.0001,64,1229.0776003573803,1539.12800444929
863,LSTM,14,256,2,0.1,0.0001,64,1277.05160717254,1563.280059250335
